{
    "name": "Case 05 Workflow",
    "nodes": [
        {
            "parameters": {
                "path": "social-bot-scheduler-react",
                "responseMode": "lastNode",
                "options": {}
            },
            "name": "Webhook",
            "type": "n8n-nodes-base.webhook",
            "typeVersion": 1,
            "position": [
                460,
                300
            ]
        },
        {
            "parameters": {
                "requestMethod": "POST",
                "url": "http://dest-react:4000/webhook",
                "jsonParameters": true,
                "options": {},
                "bodyParametersJson": "={{JSON.stringify($json.body)}}"
            },
            "name": "HTTP Request",
            "type": "n8n-nodes-base.httpRequest",
            "typeVersion": 1,
            "position": [
                680,
                300
            ]
        }
    ],
    "connections": {
        "Webhook": {
            "main": [
                [
                    {
                        "node": "HTTP Request",
                        "type": "main",
                        "index": 0
                    }
                ]
            ]
        }
    }
}